{
  "language": "cs",
  "dics": {
    "buttons": {
      "play": "Hrát",
      "credits": "Reference",
      "options": "Možnosti",
      "feedback": "Zpětná vazba",
      "exit": "Ukončit hru",
      "mainMenu": "Hlavní Menu",
      "close": "Zavrit",
      "continue": "Pokračovat",
      "send": "Odeslat",
      "update": "Aktualizovat",
      "skip": "Přeskočit"
    },
    "credits": {      
      "developer": "Hlavní vývojář",
      "graphics": "Grafika",
      "sound": "Zvuk"
    },
    "controls": {
      "attack": "utok",
      "moveUp": "pohyb nahoru",
      "moveDown": "pohyb dolu",
      "moveLeft": "pohyb doleva",
      "moveRight": "pohyb doprava",
      "potion": "pouzit léčivý lektvar",
      "interact": "interakce",
      "dialogue_continue": "mezernik"
      
    },
    "titles": {
      "credits": "REFERENCE",
      "controls": "OVLADANI",
      "options": "MOZNOSTI",
      "gameOverWin": "Zachránil jsi Izabelu!",
      "gameOverLose": "Zabili tě!",
      "feedback": "Zpětná vazba",
      "continue": "Pokračovat",
      "newVersionAvailable": "Nová verze k dispozici",
      "outdated": "Zastaralé",
      "version": "Verze"
    },
    "log": {
      "interact": "Stiskni {0} pro interakci.",
      "notEnoughKeys": "Dveře jsou zamčené. K odemčení potřebuji {0} klíčů.",
      "maxHealth": "Mám maximální počet života.",
      "noPotion":"Nemám žádný {0}."
    },
    "options": {
      "d_console": "konzole",
      "d_all": "debug vse",
      "d_dialogue_file_content": "debug obsah dialogu",
      "d_path_lines": "debug cesta nepřítele",
      "open_doors": "všechny dveře otevřené",
      "immune": "nezranitelnost"
    },
    "other": {
      "gameOverWinContent": "Tato hra je má maturitní práce. Tímto bych chtěl poděkovat všem lidem, kteří mi pomohli tuto hru včas dokončit a udělat za mě to, co bych sám nedokazál. V případě jakéhokoliv dotazu mě neváhejte kontaktovat na emailu tom.kratschmer@seznam.cz"
    }
  }
}